Company,Current Price,Daily Change,Close Price,Market Cap,Page Number,Stock Rank,Source
Sun Pharma Inds.,"₹1,677.90",-15.20(0.90%),"₹1,696.60","₹4,07,083",1,1,Groww
Mahindra & Mahindra,"₹3,209.70",-12.60(0.39%),"₹3,256.50","₹4,04,905",1,2,Groww
Titan Co,"₹4,447.00",-14.40(0.32%),"₹4,522.20","₹4,01,585",1,3,Groww
HCL Tech.,"₹1,433.60",-16.60(1.14%),"₹1,451.30","₹3,93,834",1,4,Groww
NTPC,₹389.15,-1.65(0.42%),₹392.60,"₹3,80,739",1,5,Groww
Kotak Mahindra Bank,₹383.15,4.00(1.05%),₹382.40,"₹3,80,203",1,6,Groww
ITC,₹307.25,3.85(1.27%),₹302.05,"₹3,78,515",1,7,Groww
ONGC,₹283.85,1.10(0.39%),₹287.60,"₹3,61,745",1,8,Groww
Adani Power,₹191.46,-1.73(0.90%),₹183.43,"₹3,53,488",1,9,Groww
Adani Ports &Special,"₹1,556.20",6.40(0.41%),"₹1,511.80","₹3,48,957",1,10,Groww
UltraTech Cement,"₹11,889.00",63.00(0.53%),"₹11,785.00","₹3,46,830",1,11,Groww
Bharat Electronics,₹460.25,4.60(1.01%),₹447.65,"₹3,27,112",1,12,Groww
Vedanta,₹780.05,-2.80(0.36%),₹766.05,"₹2,99,496",1,13,Groww
JSW Steel,"₹1,223.00",8.10(0.67%),"₹1,218.60","₹2,97,917",1,14,Groww
Bajaj Finserv,"₹1,830.40",0.50(0.03%),"₹1,825.80","₹2,92,108",1,15,Groww
Avenue Supermarts,"₹4,597.00",168.70(3.81%),"₹4,473.30","₹2,91,415",2,16,Groww
Power Grid Corp,₹315.15,2.90(0.93%),₹312.45,"₹2,90,783",2,17,Groww
HAL,"₹4,363.80",0.40(0.01%),"₹4,239.20","₹2,83,533",2,18,Groww
Adani Enterprises,"₹2,189.20",-14.50(0.66%),"₹2,144.40","₹2,77,136",2,19,Groww
Bajaj Auto,"₹9,769.50",-55.50(0.56%),"₹9,865.00","₹2,75,612",2,20,Groww
Coal India,₹435.40,2.65(0.61%),₹435.80,"₹2,68,510",2,21,Groww
Tata Steel,₹210.50,-0.19(0.09%),₹208.72,"₹2,60,656",2,22,Groww
Hindustan Zinc,₹587.40,-5.10(0.86%),₹580.50,"₹2,45,216",2,23,Groww
Nestle,"₹1,288.00",30.60(2.43%),"₹1,256.60","₹2,42,254",2,24,Groww
Shriram Finance,"₹1,029.50",6.75(0.66%),"₹1,020.95","₹2,40,197",2,25,Groww
Eternal (Zomato),₹251.18,-1.52(0.60%),₹246.67,"₹2,37,881",2,26,Groww
Asian Paints,"₹2,482.40",42.10(1.73%),"₹2,423.10","₹2,32,408",2,27,Groww
Hindalco,"₹1,031.10",-8.80(0.85%),"₹1,011.45","₹2,27,351",2,28,Groww
Wipro,₹204.83,-5.43(2.58%),₹209.75,"₹2,20,049",3,29,Groww
IOCL,₹145.72,1.53(1.06%),₹145.22,"₹2,05,110",3,30,Groww
SBI Life Insurance,"₹1,968.60",-6.10(0.31%),"₹1,971.00","₹1,97,659",3,31,Groww
Eicher Motors,"₹7,145.00",14.00(0.20%),"₹7,128.00","₹1,95,532",3,32,Groww
Grasim Industries,"₹2,723.00",5.70(0.21%),"₹2,741.40","₹1,86,350",3,33,Groww
Adani Green Energy,"₹1,122.30",3.40(0.30%),"₹1,096.05","₹1,80,505",3,34,Groww
TVS Motor Company,"₹3,744.70",-12.50(0.33%),"₹3,783.30","₹1,79,834",3,35,Groww
Interglobe Aviation,"₹4,633.60",24.90(0.54%),"₹4,638.00","₹1,79,193",3,36,Groww
Divi's Labs,"₹6,263.00",-30.50(0.48%),"₹6,177.50","₹1,63,970",3,37,Groww
Tata Motors Commercial,₹437.30,-4.70(1.06%),₹435.20,"₹1,60,236",3,38,Groww
ICICI Prud.Asset Man,"₹3,354.10",59.50(1.81%),"₹3,221.00","₹1,58,941",3,39,Groww
JIO Financial Serv.,₹242.00,0.73(0.30%),₹242.66,"₹1,54,158",3,40,Groww
Varun Beverages,₹471.05,10.65(2.31%),₹445.55,"₹1,50,841",3,41,Groww
Power Finance Corp,₹462.95,4.05(0.88%),₹444.75,"₹1,46,755",3,42,Groww
ABB India,"₹7,018.00",134.50(1.95%),"₹6,873.00","₹1,45,522",4,43,Groww
DLF,₹596.35,6.65(1.13%),₹587.45,"₹1,45,474",4,44,Groww
Tech Mahindra,"₹1,521.80",30.80(2.07%),"₹1,483.80","₹1,45,369",4,45,Groww
Hyundai Motor India,"₹1,908.80",56.30(3.04%),"₹1,781.40","₹1,44,758",4,46,Groww
Muthoot Finance,"₹3,502.30",-45.70(1.29%),"₹3,598.00","₹1,44,416",4,47,Groww
Bank of Baroda,₹279.11,-0.28(0.10%),₹279.07,"₹1,44,022",4,48,Groww
Union Bank of India,₹187.08,-1.41(0.75%),₹188.71,"₹1,43,931",4,49,Groww
Trent,"₹4,142.30",59.00(1.44%),"₹3,978.20","₹1,41,386",4,50,Groww
Tata Capital,₹335.60,-0.30(0.09%),₹332.25,"₹1,40,993",4,51,Groww
Adani Energy Solut.,"₹1,227.00",4.40(0.36%),"₹1,171.15","₹1,40,688",4,52,Groww
Torrent Pharma,"₹4,160.00",4.10(0.10%),"₹4,159.30","₹1,40,659",4,53,Groww
Cummins India,"₹5,132.60",94.40(1.87%),"₹5,003.40","₹1,38,717",4,54,Groww
HDFC Life Insurance,₹614.00,-17.50(2.77%),₹640.45,"₹1,38,219",4,55,Groww
LTM,"₹4,772.00",42.00(0.89%),"₹4,628.70","₹1,37,436",4,56,Groww
Britannia Industries,"₹5,731.50",145.50(2.60%),"₹5,654.50","₹1,36,195",4,57,Groww
Pidilite Industries,"₹1,390.50",59.50(4.47%),"₹1,329.50","₹1,35,276",5,58,Groww
Tata Power,₹426.30,-0.30(0.07%),₹421.85,"₹1,34,779",5,59,Groww
Solar Industries,"₹15,034.00",44.00(0.29%),"₹14,886.00","₹1,34,658",5,60,Groww
BPCL,₹311.20,3.25(1.06%),₹310.45,"₹1,34,602",5,61,Groww
IRFC,₹104.78,1.54(1.49%),₹101.72,"₹1,32,985",5,62,Groww
Cholamandalam Invest,"₹1,568.60",-1.30(0.08%),"₹1,550.60","₹1,31,989",5,63,Groww
Tata Motors Passenger,₹357.50,1.20(0.34%),₹357.90,"₹1,31,792",5,64,Groww
Groww,₹197.30,-5.69(2.80%),₹208.44,"₹1,30,804",5,65,Groww
Samvardhana Motherson,₹123.73,0.91(0.74%),₹123.55,"₹1,30,347",5,66,Groww
PNB,₹113.90,0.34(0.30%),₹113.08,"₹1,29,927",5,67,Groww
Canara Bank,₹141.73,0.70(0.50%),₹141.71,"₹1,28,621",5,68,Groww
Siemens,"₹3,663.10",99.30(2.79%),"₹3,576.10","₹1,27,380",5,69,Groww
Indian Bank,₹933.00,-7.05(0.75%),₹946.00,"₹1,27,341",5,70,Groww
Hitachi Energy,"₹28,680.00",425.00(1.50%),"₹28,435.00","₹1,26,720",5,71,Groww
Jindal Steel,"₹1,257.70",29.40(2.39%),"₹1,221.30","₹1,24,588",5,72,Groww
CG Power & Inds,₹771.75,15.85(2.10%),₹748.00,"₹1,17,701",6,73,Groww
Polycab India,"₹8,194.00",290.50(3.68%),"₹7,791.00","₹1,17,258",6,74,Groww
HDFC Asset Mgmt Co,"₹2,780.60",118.40(4.45%),"₹2,663.70","₹1,14,134",6,75,Groww
Ambuja Cement,₹458.10,0.05(0.01%),₹454.00,"₹1,12,798",6,76,Groww
Bajaj Hold & Invest,"₹10,303.50",98.50(0.97%),"₹10,058.50","₹1,11,781",6,77,Groww
Godrej Consumer,"₹1,106.35",25.20(2.33%),"₹1,085.50","₹1,11,139",6,78,Groww
Indus Towers,₹410.50,-2.65(0.64%),₹420.25,"₹1,10,881",6,79,Groww
Apollo Hospitals,"₹7,663.00",110.00(1.46%),"₹7,642.00","₹1,09,943",6,80,Groww
Bosch,"₹37,600.00",160.00(0.43%),"₹37,080.00","₹1,09,327",6,81,Groww
Tata Consumer Produc,"₹1,116.60",14.00(1.27%),"₹1,094.20","₹1,08,248",6,82,Groww
Lupin,"₹2,305.50",-21.50(0.92%),"₹2,338.90","₹1,06,943",6,83,Groww
GE Vernova T&D India,"₹4,127.70",53.50(1.31%),"₹4,134.50","₹1,05,797",6,84,Groww
Hero MotoCorp,"₹5,223.00",63.50(1.23%),"₹5,287.50","₹1,05,745",6,85,Groww
GMR Airports,₹97.35,0.60(0.62%),₹99.22,"₹1,04,787",6,86,Groww
LG Electronics India,"₹1,560.80",10.50(0.68%),"₹1,534.20","₹1,04,337",7,87,Groww
Siemens Energy India,"₹3,028.70",127.40(4.39%),"₹2,918.30","₹1,03,871",7,88,Groww
Ashok Leyland,₹173.76,-2.97(1.68%),₹175.48,"₹1,03,056",7,89,Groww
GAIL (India),₹157.94,-0.98(0.62%),₹156.12,"₹1,02,670",7,90,Groww
Mazagon Dock Ship,"₹2,592.20",27.60(1.08%),"₹2,538.50","₹1,02,426",7,91,Groww
Vodafone Idea,₹9.58,0.05(0.52%),₹9.44,"₹1,02,384",7,92,Groww
BHEL,₹309.65,0.39(0.13%),₹292.50,"₹1,01,832",7,93,Groww
Dr Reddy's Labs,"₹1,226.90",5.50(0.45%),"₹1,217.80","₹1,01,686",7,94,Groww
Cipla,"₹1,238.00",7.50(0.61%),"₹1,227.00","₹99,086",7,95,Groww
Waaree Energies,"₹3,479.50",40.70(1.18%),"₹3,426.10","₹98,511",7,96,Groww
Marico,₹757.30,12.90(1.73%),₹755.55,"₹98,042",7,97,Groww
Max Healthcare,"₹1,000.95",10.30(1.04%),₹990.05,"₹96,346",7,98,Groww
Zydus,₹945.60,6.50(0.69%),₹936.05,"₹94,183",7,99,Groww
Lenskart Solutions,₹538.00,-2.05(0.38%),₹538.10,"₹93,453",7,100,Groww
JSW Energy,₹536.35,0.40(0.07%),₹528.20,"₹92,828",8,101,Groww
RECL,₹372.85,8.65(2.38%),₹352.65,"₹92,821",8,102,Groww
ICICI Lombard Gen.,"₹1,881.80",-4.90(0.26%),"₹1,858.00","₹92,684",8,103,Groww
Indian Hotel,₹652.65,-0.10(0.02%),₹646.40,"₹92,010",8,104,Groww
United Spirits,"₹1,300.40",45.90(3.66%),"₹1,252.40","₹91,060",8,105,Groww
NTPC Green Energy,₹108.12,-0.67(0.62%),₹107.28,"₹90,406",8,106,Groww
Shree Cement,"₹25,160.00",50.00(0.20%),"₹24,965.00","₹90,059",8,107,Groww
Aditya Birla Cap,₹336.70,-1.25(0.37%),₹343.70,"₹90,011",8,108,Groww
Mankind Pharma,"₹2,121.00",16.60(0.79%),"₹2,122.40","₹87,624",8,109,Groww
Bharat Forge,"₹1,869.50",13.70(0.74%),"₹1,831.60","₹87,483",8,110,Groww
Persistent Systems,"₹5,448.00",-52.50(0.95%),"₹5,488.50","₹86,594",8,111,Groww
Lodha Developers,₹861.45,-12.05(1.38%),₹860.50,"₹86,012",8,112,Groww
Lloyds Metals,"₹1,620.00",63.30(4.07%),"₹1,511.70","₹85,087",8,113,Groww
ICICI Prudential,₹554.35,-3.60(0.65%),₹561.25,"₹81,359",9,114,Groww
NHPC,₹82.05,0.67(0.82%),₹80.58,"₹80,932",9,115,Groww
Havells India,"₹1,306.70",15.60(1.21%),"₹1,285.20","₹80,605",9,116,Groww
IDBI Bank,₹74.66,0.32(0.43%),₹74.39,"₹79,997",9,117,Groww
Aurobindo Pharma,"₹1,382.60",-3.90(0.28%),"₹1,373.90","₹79,889",9,118,Groww
HPCL,₹370.05,-0.20(0.05%),₹366.65,"₹78,016",9,119,Groww
NALCO,₹432.40,-0.30(0.07%),₹423.90,"₹77,827",9,120,Groww
Bharti Hexacom,"₹1,536.20",3.20(0.21%),"₹1,540.80","₹77,022",9,121,Groww
Dabur India,₹443.90,16.35(3.82%),₹433.25,"₹76,862",9,122,Groww
NMDC,₹88.85,1.69(1.94%),₹87.17,"₹76,708",9,123,Groww
Torrent Power,"₹1,527.00",5.40(0.35%),"₹1,506.70","₹75,923",9,124,Groww
Oil India,₹463.50,1.10(0.24%),₹463.25,"₹75,328",9,125,Groww
Swiggy,₹278.00,-2.40(0.86%),₹272.25,"₹75,204",9,126,Groww
Nykaa,₹267.80,5.19(1.98%),₹261.92,"₹74,887",9,127,Groww
Meesho,₹162.20,1.96(1.22%),₹163.56,"₹74,622",9,128,Groww
Bajaj Housing Financ,₹90.45,1.25(1.40%),₹89.00,"₹74,166",10,129,Groww
SRF,"₹2,499.20",-4.80(0.19%),"₹2,500.50","₹74,060",10,130,Groww
AU Small Fin. Bank,₹989.65,5.70(0.58%),₹981.10,"₹73,419",10,131,Groww
Paytm,"₹1,153.35",4.50(0.39%),"₹1,140.10","₹72,934",10,132,Groww
MCX,"₹2,805.00",-57.20(2.00%),"₹2,851.10","₹72,690",10,133,Groww
The Federal Bank,₹290.40,6.00(2.11%),₹286.85,"₹70,774",10,134,Groww
L&T Finance,₹285.22,4.81(1.72%),₹281.01,"₹70,382",10,135,Groww
General Insurance,₹401.40,1.35(0.34%),₹399.15,"₹69,965",10,136,Groww
SAIL,₹171.60,0.28(0.16%),₹166.95,"₹68,938",10,137,Groww
PolicyBazaar,"₹1,622.70",72.20(4.66%),"₹1,480.60","₹68,469",10,138,Groww
Indian Overseas Bank,₹35.00,0.07(0.20%),₹35.08,"₹67,629",10,139,Groww
Dixon Technologies,"₹11,301.50",14.50(0.13%),"₹11,068.50","₹67,265",10,140,Groww
Bank Of India,₹147.72,-1.14(0.77%),₹147.70,"₹67,220",10,141,Groww
Suzlon Energy,₹52.67,2.42(4.82%),₹49.13,"₹66,841",10,142,Groww
Alkem Laboratories,"₹5,574.00",4.00(0.07%),"₹5,575.50","₹66,673",10,143,Groww
Info Edge (India),"₹1,051.85",4.15(0.40%),"₹1,028.05","₹66,628",11,144,Groww
Fortis Healthcare,₹896.75,22.85(2.61%),₹877.55,"₹66,262",11,145,Groww
Oracle Finl. Service,"₹7,980.00",204.00(2.62%),"₹7,542.50","₹65,642",11,146,Groww
IndusInd Bank,₹846.85,-1.05(0.12%),₹840.10,"₹65,433",11,147,Groww
SBI Cards And Payment,₹694.10,8.50(1.24%),₹684.50,"₹65,098",11,148,Groww
Adani Total Gas,₹614.60,17.00(2.84%),₹586.10,"₹64,432",11,149,Groww
Jindal Stainless,₹785.00,-4.45(0.56%),₹781.60,"₹64,358",11,150,Groww
Glenmark Pharma,"₹2,260.00",10.50(0.47%),"₹2,258.40","₹63,781",11,151,Groww
Phoenix Mills,"₹1,792.70",10.40(0.58%),"₹1,782.10","₹63,678",11,152,Groww
UNO Minda,"₹1,090.10",-19.30(1.74%),"₹1,100.10","₹63,496",11,153,Groww
Linde India,"₹7,265.00",43.50(0.60%),"₹7,301.50","₹62,311",11,154,Groww
Oberoi Realty,"₹1,709.90",-0.50(0.03%),"₹1,705.70","₹62,034",11,155,Groww
Schaeffler India,"₹4,007.50",41.40(1.04%),"₹3,942.80","₹61,616",11,156,Groww
Coromandel Intl,"₹2,037.00",-40.80(1.96%),"₹2,089.60","₹61,581",11,157,Groww
Nippon Life India AMC,₹995.20,30.35(3.15%),₹951.55,"₹60,755",12,158,Groww
Yes Bank,₹19.98,0.03(0.15%),₹19.36,"₹60,752",12,159,Groww
Laurus Labs,"₹1,138.65",10.30(0.91%),"₹1,117.60","₹60,299",12,160,Groww
Rail Vikas Nigam,₹303.50,9.61(3.27%),₹287.06,"₹59,871",12,161,Groww
Max Fin Services,"₹1,686.70",-8.50(0.50%),"₹1,699.50","₹58,645",12,162,Groww
Prestige Estates,"₹1,355.20",17.30(1.29%),"₹1,342.40","₹57,765",12,163,Groww
IDFC First Bank,₹68.37,0.55(0.81%),₹66.91,"₹57,553",12,164,Groww
JSW Infrastructure,₹274.53,1.94(0.71%),₹270.82,"₹56,836",12,165,Groww
Biocon,₹355.20,4.45(1.27%),₹350.35,"₹56,804",12,166,Groww
APL Apollo Tubes,"₹2,087.00",41.70(2.04%),"₹2,041.50","₹56,660",12,167,Groww
MindTree,"₹3,433.85",0.00(0.00%),"₹3,429.00","₹56,528",12,168,Groww
Fert & Chem Travan,₹912.80,40.90(4.69%),₹866.15,"₹56,084",12,169,Groww
UPL,₹666.05,6.10(0.92%),₹659.80,"₹55,693",12,170,Groww
Berger Paints India,₹469.95,-2.15(0.46%),₹474.60,"₹55,332",13,171,Groww
Abbott India,"₹25,850.00",-10.00(0.04%),"₹25,975.00","₹55,185",13,172,Groww
Bank of Maharashtra,₹72.59,1.34(1.88%),₹71.39,"₹54,910",13,173,Groww
Vishal Mega Mart,₹118.00,0.45(0.38%),₹117.35,"₹54,816",13,174,Groww
Sundaram Finance,"₹4,999.80",6.50(0.13%),"₹4,914.80","₹54,673",13,175,Groww
HDB Financial Services,₹681.40,-4.60(0.67%),₹644.30,"₹53,489",13,176,Groww
Tube Investments,"₹2,788.90",36.00(1.31%),"₹2,755.00","₹53,265",13,177,Groww
Hindustan Copper,₹564.75,1.00(0.18%),₹548.45,"₹53,046",13,178,Groww
Colgate-Palmolive,"₹2,108.20",130.80(6.61%),"₹1,946.70","₹52,864",13,179,Groww
Godrej Properties,"₹1,752.40",5.00(0.29%),"₹1,739.90","₹52,426",13,180,Groww
Patanjali Foods,₹469.70,4.75(1.02%),₹464.70,"₹50,569",13,181,Groww
Bharat Dynamics,"₹1,371.50",12.10(0.89%),"₹1,356.10","₹49,707",13,182,Groww
Thermax,"₹4,074.50",-51.90(1.26%),"₹4,085.00","₹48,667",13,183,Groww
Supreme Industries,"₹3,683.20",19.40(0.53%),"₹3,830.40","₹48,646",13,184,Groww
MO Financial,₹784.30,1.50(0.19%),₹791.10,"₹47,589",13,185,Groww
Voltas,"₹1,425.80",17.00(1.21%),"₹1,402.20","₹46,401",14,186,Groww
PI Industries,"₹3,130.60",18.40(0.59%),"₹3,042.10","₹46,098",14,187,Groww
Mphasis,"₹2,456.40",14.60(0.60%),"₹2,409.30","₹45,972",14,188,Groww
Kalyan Jewellers,₹419.45,-20.85(4.74%),₹442.50,"₹45,703",14,189,Groww
Premier Energies,"₹1,017.10",14.00(1.40%),₹998.50,"₹45,242",14,190,Groww
Apar Industries,"₹11,520.00",253.50(2.25%),"₹11,207.00","₹45,033",14,191,Groww
Balkrishna Inds.,"₹2,351.90",9.50(0.41%),"₹2,322.10","₹44,981",14,192,Groww
Tata Communications,"₹1,554.20",-7.20(0.46%),"₹1,561.50","₹44,430",14,193,Groww
IRCTC,₹565.00,11.20(2.02%),₹553.55,"₹44,268",14,194,Groww
KEI Industries,"₹4,798.00",150.60(3.24%),"₹4,598.50","₹43,930",14,195,Groww
Astral,"₹1,581.40",2.70(0.17%),"₹1,631.00","₹43,726",14,196,Groww
Coforge,"₹1,312.40",-0.80(0.06%),"₹1,282.70","₹43,061",14,197,Groww
360 One Wam,"₹1,102.85",26.40(2.45%),"₹1,056.00","₹42,916",14,198,Groww
JK Cement,"₹5,510.50",3.50(0.06%),"₹5,433.00","₹41,964",15,199,Groww
Mah & Mah Finl. Serv,₹299.85,2.55(0.86%),₹299.95,"₹41,699",15,200,Groww
Anthem Biosciences,₹728.95,5.65(0.78%),₹729.75,"₹40,960",15,201,Groww
GSK Pharma,"₹2,463.00",43.20(1.79%),"₹2,405.20","₹40,763",15,202,Groww
Page Industries,"₹38,260.00","1,280.00(3.46%)","₹36,530.00","₹40,742",15,203,Groww
Petronet LNG,₹272.07,0.58(0.21%),₹271.05,"₹40,642",15,204,Groww
Piramal Finance,"₹1,668.00",-32.20(1.89%),"₹1,743.70","₹39,525",15,205,Groww
Radico Khaitan,"₹3,166.60",130.20(4.29%),"₹2,906.70","₹38,918",15,206,Groww
Cochin Shipyard,"₹1,552.00",53.90(3.60%),"₹1,479.20","₹38,905",15,207,Groww
United Breweries,"₹1,507.80",48.60(3.33%),"₹1,470.70","₹38,884",15,208,Groww
NLC India,₹304.00,6.25(2.10%),₹275.20,"₹38,153",15,209,Groww
HUDCO,₹195.21,1.54(0.80%),₹189.28,"₹37,946",15,210,Groww
Authum Invstmnt,₹456.35,8.10(1.81%),₹445.35,"₹37,833",15,211,Groww
Ipca Laboratories,"₹1,465.00",3.60(0.25%),"₹1,470.90","₹37,333",15,212,Groww
Container Corp,₹504.50,2.25(0.45%),₹489.20,"₹37,250",16,213,Groww
Gujarat Fluorochem,"₹3,390.20",13.50(0.40%),"₹3,379.10","₹37,169",16,214,Groww
Blue Star,"₹1,848.40",-0.90(0.05%),"₹1,804.90","₹37,076",16,215,Groww
Dalmia Bharat,"₹1,974.30",-0.40(0.02%),"₹1,974.60","₹37,016",16,216,Groww
Narayana Hrudayalaya,"₹1,800.00",18.30(1.03%),"₹1,797.60","₹36,728",16,217,Groww
AIA Engineering,"₹3,939.00",13.70(0.35%),"₹3,920.20","₹36,506",16,218,Groww
Sona BLW Precision,₹590.85,10.00(1.72%),₹585.70,"₹36,418",16,219,Groww
L&T Technology Serv.,"₹3,515.10",66.90(1.94%),"₹3,430.70","₹36,375",16,220,Groww
Escorts,"₹3,302.80",20.60(0.63%),"₹3,230.80","₹36,146",16,221,Groww
Ajanta Pharma,"₹2,829.70",2.10(0.07%),"₹2,883.20","₹36,083",16,222,Groww
Tata Investment Corp,₹711.05,1.10(0.15%),₹714.40,"₹36,071",16,223,Groww
Indian Ren. Energy,₹133.13,3.70(2.86%),₹126.45,"₹35,522",16,224,Groww
3M India,"₹31,315.00",50.00(0.16%),"₹31,440.00","₹35,477",16,225,Groww
Aster DM Healthcare,₹685.00,10.65(1.58%),₹683.00,"₹35,374",16,226,Groww
Delhivery,₹461.25,1.50(0.33%),₹459.80,"₹34,402",16,227,Groww
Endurance Tech,"₹2,405.20",21.00(0.88%),"₹2,412.40","₹33,967",17,228,Groww
ITC Hotels,₹162.34,0.42(0.26%),₹162.25,"₹33,796",17,229,Groww
Poonawalla Fincorp,₹406.00,-1.15(0.28%),₹414.40,"₹33,695",17,230,Groww
Ather Energy,₹849.15,-16.95(1.96%),₹871.05,"₹33,384",17,231,Groww
UCO Bank,₹26.74,0.19(0.72%),₹26.45,"₹33,217",17,232,Groww
Godfrey Phillips,"₹2,207.80",82.90(3.90%),"₹2,092.80","₹32,639",17,233,Groww
Central Bank of India,₹36.00,0.17(0.47%),₹35.73,"₹32,340",17,234,Groww
P&G,"₹9,970.00",107.00(1.08%),"₹9,900.00","₹32,137",17,235,Groww
Navin Fluorine Intl,"₹6,316.00",60.00(0.96%),"₹6,222.50","₹31,914",17,236,Groww
JB Chem & Pharma,"₹1,986.00",11.00(0.56%),"₹1,981.10","₹31,758",17,237,Groww
Emcure Pharma,"₹1,636.10",-2.90(0.18%),"₹1,646.80","₹31,193",17,238,Groww
K.P.R. Mill,₹894.25,0.40(0.04%),₹907.45,"₹31,007",17,239,Groww
MRPL,₹179.10,4.17(2.38%),₹175.80,"₹30,810",17,240,Groww
Godrej Industries,₹926.00,6.80(0.74%),₹906.35,"₹30,539",17,241,Groww
Anand Rathi Weal,"₹3,680.00",47.10(1.30%),"₹3,654.50","₹30,358",18,242,Groww
Aditya Birla Sun AMC,"₹1,057.55",7.75(0.74%),"₹1,047.75","₹30,225",18,243,Groww
CRISIL,"₹4,275.10",148.80(3.61%),"₹4,121.70","₹30,147",18,244,Groww
Physicswallah,₹111.75,6.30(5.97%),₹105.41,"₹30,126",18,245,Groww
Jubilant Foodworks,₹456.35,-3.30(0.72%),₹454.85,"₹29,996",18,246,Groww
HEXT,₹505.70,9.25(1.86%),₹485.00,"₹29,637",18,247,Groww
Go Digit General Ins,₹318.85,-0.20(0.06%),₹320.10,"₹29,625",18,248,Groww
SJVN,₹76.69,0.36(0.47%),₹75.26,"₹29,579",18,249,Groww
Force Motors,"₹22,399.00",-139.00(0.62%),"₹22,377.00","₹29,482",18,250,Groww
Garden Reach,"₹2,654.60",46.80(1.79%),"₹2,565.90","₹29,404",18,251,Groww
Cholamandalam Fin.,"₹1,620.00",37.60(2.38%),"₹1,564.10","₹29,356",18,252,Groww
TVS Holdings,"₹14,718.00",108.00(0.74%),"₹14,488.00","₹29,292",18,253,Groww
Metro Brands,"₹1,066.60",-22.25(2.04%),"₹1,079.65","₹29,252",18,254,Groww
Global Health,"₹1,077.50",-14.75(1.35%),"₹1,088.70","₹29,243",18,255,Groww
ICICI Securities,₹895.70,0.00(0.00%),₹895.70,"₹29,132",18,256,Groww
LIC Housing Finance,₹535.85,1.00(0.19%),₹529.50,"₹29,092",19,257,Groww
Gland Pharma,"₹1,777.70",42.10(2.43%),"₹1,752.70","₹28,931",19,258,Groww
New India Assurance,₹168.17,-1.75(1.03%),₹172.29,"₹28,428",19,259,Groww
Tata Elxsi,"₹4,601.00",7.40(0.16%),"₹4,540.60","₹28,287",19,260,Groww
Star Health Insurance,₹495.40,-1.25(0.25%),₹479.00,"₹28,178",19,261,Groww
ITI,₹301.54,10.50(3.61%),₹291.60,"₹28,104",19,262,Groww
Exide Industries,₹330.80,-0.60(0.18%),₹330.00,"₹28,045",19,263,Groww
Apollo Tyres,₹447.25,3.60(0.81%),₹441.60,"₹27,988",19,264,Groww
Bandhan Bank,₹173.34,-0.84(0.48%),₹173.77,"₹27,982",19,265,Groww
Welspun Corp,"₹1,081.25",4.15(0.39%),"₹1,052.65","₹27,766",19,266,Groww
Angel One,₹299.99,7.38(2.52%),₹297.76,"₹27,111",19,267,Groww
Karur Vysya Bank,₹278.15,-2.70(0.96%),₹279.85,"₹27,047",19,268,Groww
Honeywell Automation,"₹32,500.00",660.00(2.07%),"₹30,500.00","₹26,979",19,269,Groww
Kaynes Technology,"₹4,197.90",-4.30(0.10%),"₹4,016.80","₹26,936",19,270,Groww
Timken India,"₹3,460.20",-33.20(0.95%),"₹3,571.20","₹26,877",19,271,Groww
ACC,"₹1,432.50",-10.30(0.71%),"₹1,431.20","₹26,841",20,272,Groww
KIMS,₹676.45,11.30(1.70%),₹665.05,"₹26,653",20,273,Groww
ZF Comm Vehic Contr,"₹14,469.00",111.00(0.77%),"₹14,010.00","₹26,587",20,274,Groww
Prime Focus,₹352.25,4.55(1.31%),₹341.40,"₹26,558",20,275,Groww
Amber Enterprises,"₹7,827.00",112.50(1.46%),"₹7,506.50","₹26,402",20,276,Groww
IRB Infra Devs,₹22.25,0.15(0.68%),₹21.77,"₹26,293",20,277,Groww
Inventurus Knowledge,"₹1,513.00",-9.40(0.62%),"₹1,517.00","₹26,055",20,278,Groww
Motherson Sumi Wiring India,₹39.48,0.03(0.08%),₹39.02,"₹25,883",20,279,Groww
Piramal Enterprises,"₹1,124.60",0.00(0.00%),"₹1,124.60","₹25,492",20,280,Groww
Gillette India,"₹7,967.00",126.50(1.61%),"₹7,813.00","₹25,481",20,281,Groww
Himadri Speciality,₹491.05,2.20(0.45%),₹490.45,"₹24,750",20,282,Groww
NBCC (India),₹93.69,0.64(0.69%),₹91.00,"₹24,559",20,283,Groww
Sun TV Network,₹636.50,4.30(0.68%),₹620.55,"₹24,458",20,284,Groww
Nuvama Wealth,"₹1,382.30",15.90(1.16%),"₹1,340.60","₹24,394",20,285,Groww
Aditya Infotech,"₹2,215.70",117.30(5.59%),"₹2,066.90","₹24,342",21,286,Groww
Dr Lal PathLabs,"₹1,411.60",0.80(0.06%),"₹1,437.70","₹24,079",21,287,Groww
Shyam Metalics,₹858.45,-5.10(0.59%),₹861.30,"₹24,037",21,288,Groww
Ramco Cements,"₹1,004.85",2.95(0.29%),"₹1,003.40","₹23,698",21,289,Groww
PTC Industries,"₹15,730.00",-245.00(1.53%),"₹15,756.00","₹23,637",21,290,Groww
Tata Technologies,₹590.25,3.55(0.61%),₹575.70,"₹23,378",21,291,Groww
AWL Agri Business,₹184.10,2.01(1.10%),₹179.73,"₹23,361",21,292,Groww
Tata Motors - DVR,₹768.65,0.00(0.00%),₹662.00,"₹23,289",21,293,Groww
Kirloskar Oil Engines,"₹1,593.50",-23.50(1.45%),"₹1,597.00","₹23,240",21,294,Groww
Indraprastha Gas,₹167.77,1.72(1.04%),₹166.00,"₹23,233",21,295,Groww
Aegis Logistics,₹722.80,63.25(9.59%),₹658.80,"₹23,144",21,296,Groww
Tenneco Clean Air,₹590.30,7.70(1.32%),₹571.65,"₹23,080",21,297,Groww
Manappuram Finance,₹266.85,-1.30(0.48%),₹269.05,"₹22,790",21,298,Groww
PNB Housing Finance,₹917.55,23.75(2.66%),₹866.55,"₹22,559",21,299,Groww
Bayer CropScience,"₹4,939.20",8.10(0.16%),"₹4,989.50","₹22,461",22,300,Groww
Gujarat Gas,₹360.60,25.10(7.48%),₹325.65,"₹22,413",22,301,Groww
Pfizer,"₹4,918.40",59.20(1.22%),"₹4,895.40","₹22,413",22,302,Groww
KIOCL,₹402.50,7.35(1.86%),₹366.60,"₹22,280",22,303,Groww
Wockhardt,"₹1,387.60",28.50(2.10%),"₹1,353.70","₹21,974",22,304,Groww
Schneider Electric,"₹1,043.00",44.75(4.48%),₹914.45,"₹21,862",22,305,Groww
HBL Engineering,₹783.00,-0.25(0.03%),₹785.90,"₹21,772",22,306,Groww
Aegis Vopak Terminal,₹199.96,2.20(1.11%),₹196.10,"₹21,716",22,307,Groww
Asahi India Glass,₹838.85,-11.05(1.30%),₹850.20,"₹21,684",22,308,Groww
CESC,₹171.07,0.59(0.35%),₹163.35,"₹21,653",22,309,Groww
Astrazeneca Pharma,"₹8,559.50",31.50(0.37%),"₹8,549.50","₹21,418",22,310,Groww
Sumitomo Chemical,₹435.30,11.90(2.81%),₹429.00,"₹21,403",22,311,Groww
Pine Labs,₹194.38,4.75(2.50%),₹183.81,"₹21,088",22,312,Groww
Urban Company,₹133.95,-0.22(0.16%),₹136.20,"₹21,012",22,313,Groww
Aadhar Housing Fin,₹496.35,4.75(0.97%),₹480.65,"₹20,959",23,314,Groww
Hatsun Agro Prod,₹968.80,30.50(3.25%),₹938.80,"₹20,889",23,315,Groww
Sai Life Sciences,₹975.20,2.85(0.29%),₹981.30,"₹20,800",23,316,Groww
Deepak Nitrite,"₹1,540.90",7.20(0.47%),"₹1,522.60","₹20,739",23,317,Groww
Kalpataru Projects,"₹1,223.70",19.80(1.64%),"₹1,212.00","₹20,692",23,318,Groww
Sarda Energy,₹594.75,-2.35(0.39%),₹583.35,"₹20,550",23,319,Groww
Godawari Pwr,₹298.15,-2.15(0.72%),₹303.35,"₹20,369",23,320,Groww
Netweb Technologies,"₹3,800.00",91.60(2.47%),"₹3,563.70","₹20,303",23,321,Groww
Eris Lifesciences,"₹1,445.00",-20.50(1.40%),"₹1,451.40","₹20,103",23,322,Groww
Sagility,₹43.06,-0.10(0.23%),₹42.82,"₹20,054",23,323,Groww
GE Shipping,"₹1,399.40",18.00(1.30%),"₹1,400.40","₹20,003",23,324,Groww
IIFL Finance,₹470.70,4.65(1.00%),₹469.25,"₹19,986",23,325,Groww
KPIT Tech,₹743.90,-2.35(0.31%),₹728.65,"₹19,980",24,326,Groww
Affle 3i,"₹1,481.00",34.20(2.36%),"₹1,418.90","₹19,975",24,327,Groww
GMDC,₹733.95,-12.80(1.71%),₹622.30,"₹19,795",24,328,Groww
CreditAccess Grameen,"₹1,268.10",29.40(2.37%),"₹1,234.60","₹19,771",24,329,Groww
RBL Bank,₹314.75,-1.15(0.36%),₹319.70,"₹19,759",24,330,Groww
Piramal Pharma,₹148.30,0.80(0.54%),₹148.50,"₹19,745",24,331,Groww
EIH,₹320.35,0.55(0.17%),₹315.05,"₹19,698",24,332,Groww
Natco Pharma,"₹1,117.55",30.75(2.83%),"₹1,091.50","₹19,552",24,333,Groww
IDFC,₹107.97,0.00(0.00%),₹121.95,"₹19,495",24,334,Groww
Avanti Feeds,"₹1,471.00",78.90(5.67%),"₹1,419.00","₹19,337",24,335,Groww
Data Patterns (I),"₹3,504.50",14.00(0.40%),"₹3,451.20","₹19,318",24,336,Groww
Atul,"₹6,571.00",-27.50(0.42%),"₹6,549.50","₹19,302",24,337,Groww
Neuland Laboratories,"₹15,143.00",143.00(0.95%),"₹14,982.00","₹19,230",24,338,Groww
Gallantt Ispat,₹891.60,-35.50(3.83%),₹790.15,"₹19,035",24,339,Groww
Acutaas Chemicals,"₹2,365.00",24.60(1.05%),"₹2,291.70","₹18,757",25,340,Groww
City Union Bank,₹253.28,3.46(1.38%),₹252.05,"₹18,728",25,341,Groww
NSDL,₹934.55,2.60(0.28%),₹929.30,"₹18,586",25,342,Groww
Emami,₹451.80,26.30(6.18%),₹424.50,"₹18,529",25,343,Groww
Kajaria Ceramics,"₹1,172.80",2.60(0.22%),"₹1,160.10","₹18,478",25,344,Groww
Belrise Industri,₹212.39,3.49(1.67%),₹207.62,"₹18,464",25,345,Groww
CIE Automotive India,₹495.25,12.40(2.57%),₹485.75,"₹18,438",25,346,Groww
Tata Chemicals,₹709.65,3.00(0.42%),₹719.30,"₹18,340",25,347,Groww
DCM Shriram,"₹1,213.50",28.50(2.41%),"₹1,174.60","₹18,290",25,348,Groww
Chambal Fertilisers,₹455.75,2.50(0.55%),₹455.80,"₹18,271",25,349,Groww
Anant Raj,₹511.65,1.65(0.32%),₹503.35,"₹18,123",25,350,Groww
Sammaan Capital,₹154.10,-0.86(0.55%),₹156.44,"₹18,121",25,351,Groww
Brigade Enterprises,₹765.25,26.75(3.62%),₹739.00,"₹18,076",25,352,Groww
Computer Age Man,₹752.45,14.05(1.90%),₹728.05,"₹18,060",25,353,Groww
Capri Global Capital,₹182.95,-2.18(1.18%),₹185.64,"₹17,872",26,354,Groww
Castrol India,₹182.51,1.93(1.07%),₹180.01,"₹17,804",26,355,Groww
Emmvee Photovoltaic,₹263.15,4.01(1.55%),₹256.70,"₹17,775",26,356,Groww
Craftsman Automation,"₹7,663.50",151.00(2.01%),"₹7,433.50","₹17,720",26,357,Groww
Punjab & Sind Bank,₹25.19,0.08(0.32%),₹24.87,"₹17,653",26,358,Groww
Onesource Specialty,"₹1,533.60",27.30(1.81%),"₹1,538.10","₹17,625",26,359,Groww
Nava,₹698.45,71.95(11.48%),₹623.25,"₹17,623",26,360,Groww
Redington,₹232.00,4.22(1.85%),₹224.77,"₹17,593",26,361,Groww
JSW Cement,₹126.20,-0.02(0.02%),₹128.75,"₹17,546",26,362,Groww
Travel Food Services,"₹1,332.00",21.40(1.63%),"₹1,320.60","₹17,385",26,363,Groww
Acme Solar Holdings,₹295.50,8.05(2.80%),₹285.40,"₹17,285",26,364,Groww
Grindwell Norton,"₹1,590.60",15.10(0.96%),"₹1,560.30","₹17,281",26,365,Groww
Syrma SGS Technology,₹980.45,11.70(1.21%),₹895.05,"₹17,271",26,366,Groww
Ola Electric Mobility,₹41.17,2.49(6.44%),₹38.59,"₹17,008",26,367,Groww
Sundram Fasteners,₹827.40,13.70(1.68%),₹807.35,"₹16,972",27,368,Groww
Chalet Hotels,₹772.15,3.50(0.46%),₹774.35,"₹16,937",27,369,Groww
Carborundum Univer.,₹932.70,46.00(5.19%),₹888.15,"₹16,913",27,370,Groww
Elgi Equipments,₹549.00,7.35(1.36%),₹531.00,"₹16,819",27,371,Groww
Syngene Intl,₹438.65,3.95(0.91%),₹415.00,"₹16,651",27,372,Groww
KSB,₹958.95,17.00(1.80%),₹941.35,"₹16,420",27,373,Groww
Century Plyboard,₹756.55,5.10(0.68%),₹739.85,"₹16,414",27,374,Groww
Ratnamani Metals,"₹2,407.60",58.60(2.49%),"₹2,335.20","₹16,373",27,375,Groww
Zydus Wellness,₹508.35,6.05(1.20%),₹509.65,"₹16,202",27,376,Groww
Granules India,₹654.25,3.25(0.50%),₹652.65,"₹16,158",27,377,Groww
Bikaji Foods Inter.,₹660.45,18.65(2.91%),₹644.30,"₹16,154",27,378,Groww
INOX Wind,₹97.88,2.48(2.60%),₹93.41,"₹16,127",27,379,Groww
Vardhman Textiles,₹547.60,2.15(0.39%),₹558.00,"₹16,105",27,380,Groww
KFin Technologies,₹965.80,9.90(1.04%),₹932.45,"₹16,088",28,381,Groww
SPR Auto Technologie,"₹3,740.00",133.80(3.71%),"₹3,645.00","₹16,050",28,382,Groww
Choice Intl,₹722.85,3.55(0.49%),₹719.20,"₹16,041",28,383,Groww
Crompton Greaves,₹259.19,-1.78(0.68%),₹247.95,"₹15,978",28,384,Groww
Jyoti CNC Automation,₹705.80,2.90(0.41%),₹698.65,"₹15,904",28,385,Groww
BASF India,"₹3,732.90",52.20(1.42%),"₹3,669.90","₹15,879",28,386,Groww
Kansai Nerolac,₹203.23,3.07(1.53%),₹196.30,"₹15,865",28,387,Groww
Aditya Birla Real,"₹1,418.10",-3.90(0.27%),"₹1,410.30","₹15,762",28,388,Groww
RR Kabel,"₹1,483.00",28.00(1.92%),"₹1,392.00","₹15,743",28,389,Groww
IFCI,₹61.48,0.75(1.23%),₹58.42,"₹15,724",28,390,Groww
Aarti Industries,₹434.90,-3.00(0.69%),₹431.70,"₹15,645",28,391,Groww
Aether Inds,"₹1,182.00",-5.40(0.45%),"₹1,178.10","₹15,621",28,392,Groww
Firstsource Solution,₹241.22,-3.00(1.23%),₹220.36,"₹15,579",28,393,Groww
Bharat Coking Coal,₹35.41,-0.37(1.03%),₹33.08,"₹15,414",29,394,Groww
EID-Parry India,₹860.00,7.50(0.88%),₹866.25,"₹15,402",29,395,Groww
PG Electroplast,₹554.80,-2.85(0.51%),₹537.90,"₹15,347",29,396,Groww
Deepak Fert & Petro,"₹1,237.05",38.40(3.20%),"₹1,212.15","₹15,326",29,397,Groww
MTAR Technologies,"₹4,894.50",70.30(1.46%),"₹4,941.10","₹15,215",29,398,Groww
International Gemolo,₹376.80,7.85(2.13%),₹351.10,"₹15,158",29,399,Groww
Reliance Infrastructure,₹87.14,0.00(0.00%),₹380.60,"₹15,072",29,400,Groww
KEC International,₹585.00,15.55(2.73%),₹565.35,"₹15,056",29,401,Groww
Fractal Analytics,₹890.25,15.50(1.77%),₹873.95,"₹15,025",29,402,Groww
Triveni Turbine,₹502.25,24.45(5.12%),₹472.30,"₹15,004",29,403,Groww
Poly Medicure,"₹1,484.30",-12.60(0.84%),"₹1,472.40","₹14,925",29,404,Groww
Maharashtra Scooters,"₹13,105.00",138.00(1.06%),"₹12,989.00","₹14,866",29,405,Groww
JBM Auto,₹624.05,-0.05(0.01%),₹628.15,"₹14,847",29,406,Groww
TD Power Systems,₹988.25,17.50(1.80%),₹941.90,"₹14,725",29,407,Groww
LMW,"₹14,239.00",393.00(2.84%),"₹13,730.00","₹14,706",30,408,Groww
JSW Holdings,"₹13,281.00",70.00(0.53%),"₹13,208.00","₹14,680",30,409,Groww
CEAT,"₹3,742.10",44.60(1.21%),"₹3,625.30","₹14,656",30,410,Groww
Anupam Rasayan,"₹1,279.00",12.60(0.99%),"₹1,287.80","₹14,646",30,411,Groww
Sansera Engineering,"₹2,352.90",-44.10(1.84%),"₹2,340.80","₹14,592",30,412,Groww
DOMS Industries,"₹2,397.70",14.60(0.61%),"₹2,388.20","₹14,520",30,413,Groww
Chennai Petro Corp,"₹1,019.20",38.40(3.92%),₹971.10,"₹14,469",30,414,Groww
Allied Blenders,₹563.10,23.60(4.37%),₹517.15,"₹14,461",30,415,Groww
Jain Resource Recycl,₹419.15,1.15(0.28%),₹418.90,"₹14,460",30,416,Groww
Ventive Hospitality,₹614.45,4.55(0.75%),₹619.55,"₹14,459",30,417,Groww
Alembic Pharma,₹778.15,29.85(3.99%),₹734.80,"₹14,446",30,418,Groww
Supreme Petrochem,₹769.90,-1.05(0.14%),₹766.65,"₹14,434",30,419,Groww
Jubilant Pharmova,₹907.25,0.40(0.04%),₹906.75,"₹14,427",30,420,Groww
CCL Products India,"₹1,089.60",19.00(1.77%),"₹1,081.00","₹14,412",30,421,Groww
Leela Palaces Hotels,₹424.05,-3.90(0.91%),₹429.85,"₹14,345",31,422,Groww
LT Foods,₹420.30,1.15(0.27%),₹411.90,"₹14,308",31,423,Groww
BEML,"₹1,769.30",29.30(1.68%),"₹1,711.60","₹14,241",31,424,Groww
Fine Organic Inds.,"₹4,866.80",-34.40(0.70%),"₹4,641.80","₹14,229",31,425,Groww
Dr. Agarwal's Health,₹445.90,-1.55(0.35%),₹446.45,"₹14,149",31,426,Groww
Sobha,"₹1,328.40",7.20(0.54%),"₹1,320.80","₹14,129",31,427,Groww
Kirloskar Brothers,"₹1,767.00",30.00(1.73%),"₹1,779.10","₹14,120",31,428,Groww
Niva Bupa Health Ins,₹78.87,0.37(0.47%),₹76.17,"₹14,055",31,429,Groww
Jindal SAW,₹227.61,6.19(2.80%),₹219.24,"₹14,024",31,430,Groww
V-Guard Inds.,₹329.25,4.00(1.23%),₹321.30,"₹14,017",31,431,Groww
eClerx Services,"₹1,647.20",95.90(6.18%),"₹1,489.10","₹14,014",31,432,Groww
Jammu & Kashmir Bank,₹132.59,0.22(0.17%),₹127.16,"₹14,001",31,433,Groww
Canara HSBC Life Ins,₹149.10,-1.95(1.29%),₹146.47,"₹13,917",31,434,Groww
Techno Electric,"₹1,222.70",16.15(1.34%),"₹1,195.25","₹13,910",31,435,Groww
Gabriel India,"₹1,006.50",9.55(0.96%),₹964.40,"₹13,899",31,436,Groww
Amara Raja Energy,₹780.00,7.30(0.94%),₹756.40,"₹13,840",32,437,Groww
GSPL,₹275.04,22.75(9.02%),₹242.98,"₹13,710",32,438,Groww
Zen Technologies,"₹1,537.00",12.70(0.83%),"₹1,517.50","₹13,705",32,439,Groww
JSW Dulux,"₹2,937.50",-21.30(0.72%),"₹2,999.00","₹13,666",32,440,Groww
Cohance Lifesciences,₹376.75,13.80(3.80%),₹356.40,"₹13,653",32,441,Groww
Rubicon Research,₹898.10,27.50(3.16%),₹821.30,"₹13,584",32,442,Groww
Finolex Cables,₹944.45,30.90(3.38%),₹883.60,"₹13,506",32,443,Groww
HFCL,₹92.20,0.72(0.79%),₹88.12,"₹13,483",32,444,Groww
Usha Martin,₹449.00,2.35(0.53%),₹441.95,"₹13,461",32,445,Groww
TBO Tek,"₹1,307.00",37.70(2.97%),"₹1,226.30","₹13,311",32,446,Groww
Five Star Business,₹467.40,7.70(1.68%),₹450.30,"₹13,306",32,447,Groww
Inox India,"₹1,509.20",11.10(0.74%),"₹1,468.60","₹13,304",32,448,Groww
Ircon International,₹154.25,11.88(8.34%),₹141.37,"₹13,294",32,449,Groww
Jindal SS (Hisar),₹562.80,0.00(0.00%),₹560.75,"₹13,278",32,450,Groww
Devyani,₹108.10,-0.58(0.53%),₹107.43,"₹13,247",32,451,Groww
Thangamayil Jeweller,"₹4,252.00",-26.40(0.62%),"₹4,252.70","₹13,219",33,452,Groww
Caplin Point Labs,"₹1,782.70",17.80(1.01%),"₹1,735.60","₹13,215",33,453,Groww
RRP Semiconductor,"₹9,639.05",0.00(0.00%),"₹9,639.05","₹13,132",33,454,Groww
Trident,₹26.01,0.13(0.50%),₹25.73,"₹13,111",33,455,Groww
Alivus Life Sciences,"₹1,071.00",-0.20(0.02%),"₹1,064.90","₹13,090",33,456,Groww
Aditya Birla Lifesty,₹105.73,0.15(0.14%),₹107.21,"₹13,085",33,457,Groww
Graphite India,₹681.25,-0.70(0.10%),₹666.35,"₹13,015",33,458,Groww
Tega Industries,"₹1,756.00",1.90(0.11%),"₹1,726.10","₹12,971",33,459,Groww
UTI Asset Management,"₹1,030.50",30.60(3.06%),"₹1,009.60","₹12,969",33,460,Groww
JM Financial,₹136.21,1.54(1.14%),₹135.14,"₹12,925",33,461,Groww
Brainbees Solutions,₹251.26,3.83(1.55%),₹247.74,"₹12,917",33,462,Groww
Shriram City Fin,"₹1,921.80",0.00(0.00%),"₹1,922.05","₹12,880",33,463,Groww
Jaiprakash Power,₹19.63,0.02(0.10%),₹18.85,"₹12,863",33,464,Groww
Rainbow Children,"₹1,252.10",-4.80(0.38%),"₹1,265.00","₹12,850",33,465,Groww
Ingersoll Rand,"₹4,103.00",15.90(0.39%),"₹4,063.70","₹12,813",33,466,Groww
Zensar Technologies,₹602.00,13.75(2.34%),₹563.35,"₹12,805",34,467,Groww
Vinati Organics,"₹1,288.80",14.80(1.16%),"₹1,231.60","₹12,804",34,468,Groww
Indiamart Inter,"₹2,168.60",12.90(0.60%),"₹2,120.10","₹12,738",34,469,Groww
Paradeep Phsphts,₹125.49,3.71(3.05%),₹122.49,"₹12,717",34,470,Groww
Cupid,₹102.13,6.55(6.85%),₹93.40,"₹12,553",34,471,Groww
Sterlite Tech,₹269.08,12.73(4.97%),₹254.91,"₹12,437",34,472,Groww
Afcons Infra,₹331.35,-15.60(4.50%),₹337.45,"₹12,414",34,473,Groww
Inox Wind Energy,"₹10,301.45",0.00(0.00%),"₹10,301.45","₹12,410",34,474,Groww
Engineers India,₹242.91,14.59(6.39%),₹219.89,"₹12,345",34,475,Groww
Minda Corporation,₹534.10,28.45(5.63%),₹515.05,"₹12,328",34,476,Groww
Happy Forgings,"₹1,331.10",15.60(1.19%),"₹1,304.00","₹12,295",34,477,Groww
Blue Dart Express,"₹5,387.30",147.70(2.82%),"₹5,169.70","₹12,270",34,478,Groww
JK Tyre & Industries,₹436.40,16.45(3.92%),₹424.50,"₹12,235",34,479,Groww
India Cements,₹415.15,3.55(0.86%),₹393.90,"₹12,194",34,480,Groww
Lumax Auto Tech,"₹1,798.20",-0.40(0.02%),"₹1,779.30","₹12,132",35,481,Groww
NMDC Steel,₹42.51,0.53(1.26%),₹41.40,"₹12,129",35,482,Groww
BLS Intl Serv,₹296.46,-2.09(0.70%),₹293.57,"₹12,090",35,483,Groww
Reliance Power,₹28.67,-0.22(0.76%),₹28.94,"₹11,968",35,484,Groww
Welspun Living,₹124.65,0.82(0.66%),₹124.76,"₹11,965",35,485,Groww
Indegene,₹487.35,-1.80(0.37%),₹496.65,"₹11,958",35,486,Groww
Gravita India,"₹1,645.50",-23.50(1.41%),"₹1,617.20","₹11,947",35,487,Groww
Azad Engineering,"₹1,859.10",-2.20(0.12%),"₹1,836.40","₹11,868",35,488,Groww
IEX,₹135.60,1.19(0.89%),₹132.81,"₹11,832",35,489,Groww
Shipping Corporation,₹320.44,31.51(10.91%),₹253.34,"₹11,796",35,490,Groww
Jupiter Wagons,₹286.26,5.10(1.81%),₹273.13,"₹11,669",35,491,Groww
Godrej Agrovet,₹618.20,10.50(1.73%),₹605.60,"₹11,663",35,492,Groww
Aptus Value Housing,₹248.83,1.97(0.80%),₹230.66,"₹11,547",35,493,Groww
SKF India (Indust.),"₹2,367.50",-3.30(0.14%),"₹2,309.60","₹11,449",35,494,Groww
Privi Speciality Che,"₹3,132.00",187.90(6.38%),"₹2,929.80","₹11,448",35,495,Groww
